{
  "nodes": {
    "get_cached_report#1": {
      "rfNode": {
        "position": {
          "x": 909.3698165659484,
          "y": 343.48128235647596
        }
      }
    },
    "get_predefined_questions#1": {
      "rfNode": {
        "position": {
          "x": 1695.839607478946,
          "y": 424.481282356476
        }
      }
    },
    "get_cached_periods#1": {
      "rfNode": {
        "position": {
          "x": 1642.8334463556312,
          "y": 823.9240708961446
        }
      }
    }
  }
}