{
  "nodes": {
    "get_cached_report#1": {
      "rfNode": {
        "position": {
          "x": 0,
          "y": 0
        }
      }
    },
    "get_predefined_questions#1": {
      "rfNode": {
        "position": {
          "x": 457.8174539631706,
          "y": 32.60888710968775
        }
      }
    },
    "get_cached_periods#1": {
      "rfNode": {
        "position": {
          "x": 928.0352281825458,
          "y": 32.60888710968775
        }
      }
    }
  }
}